Image Name,Label
1,450029
10,918020
100,138236
1000,989095
101,773947
102,412662
103,178744
104,392924
105,217010
106,917524
107,701055
108,517909
109,703091
11,667465
110,918325
111,609281
112,725362
113,146411
114,176905
115,736056
116,781422
117,455962
118,630911
119,963229
12,773373
120,639036
121,963587
122,499273
123,553293
124,639283
125,432836
126,112480
127,735142
128,527123
129,304703
13,997816
130,797224
131,706227
132,859278
133,740593
134,178654
135,119821
136,535293
137,623258
138,688238
139,109712
14,308730
140,153155
141,544109
142,491358
143,826854
144,845702
145,406476
146,835801
147,602534
148,144244
149,847736
15,308162
150,673779
151,482573
152,488502
153,432633
154,319267
155,852488
156,836526
157,953201
158,253197
159,580796
16,350573
160,218026
161,1886025
162,455164
163,508175
164,748586
165,185063
166,224406
167,420421
168,333585
169,538193
17,685527
170,120306
171,622322
172,366338
173,221370
174,131793
175,438188
176,127981
177,993385
178,928669
179,178883
18,992960
180,827926
181,384203
182,641900
183,245724
184,301158
185,892482
186,157103
187,698881
188,695488
189,687772
19,194709
190,435661
191,158879
192,194552
193,882999
194,230627
195,722858
196,710149
197,529835
198,943321
199,741150
2,475124
20,376529
200,899059
201,212631
202,737953
203,371577
204,974351
205,851912
206,336646
207,372193
208,478476
209,433516
21,479944
210,693356
211,441864
212,775360
213,168362
214,970764
215,210538
216,385911
217,874311
218,402623
219,434970
22,286035
220,936352
221,710391
222,297773
223,417954
224,900598
225,733799
226,141786
227,632194
228,593691
229,471415
23,204342
230,281440
231,296273
232,766569
233,963932
234,485565
235,241673
236,635439
237,436784
238,776633
239,439526
24,928967
240,920053
241,680459
242,360519
243,203739
244,991925
245,640046
246,407125
247,875626
248,870289
249,616109
25,794251
250,628093
251,294041
252,470193
253,709556
254,400031
255,897282
256,719487
257,147353
258,655962
259,266016
26,325835
260,179139
261,521223
262,202474
263,637841
264,831766
265,561456
266,416698
267,155203
268,365351
269,982775
27,209950
270,647749
271,634253
272,702784
273,875811
274,241017
275,660531
276,272796
277,189629
278,957512
279,153051
28,472464
280,968763
281,296890
282,480032
283,527324
284,569847
285,777464
286,217715
287,890767
288,565982
289,898034
29,188877
290,952562
291,593553
292,760175
293,481191
294,866192
295,626267
296,149184
297,154647
298,773347
299,687840
3,365824
30,417652
300,389671
301,358520
302,728802
303,868110
304,493593
305,775295
306,650028
307,163516
308,718417
309,992592
31,179026
310,738006
311,457205
312,238053
313,850175
314,149796
315,886284
316,921038
317,509063
318,968754
319,186179
32,654026
320,712384
321,904618
322,826674
323,606876
324,970904
325,230205
326,117353
327,515883
328,771135
329,585549
33,967957
330,273074
331,567001
332,996425
333,768720
334,913971
335,201048
336,721052
337,903968
338,873079
339,789692
34,266802
340,395068
341,260919
342,565515
343,263589
344,751718
345,688164
346,380994
347,440783
348,880648
349,650077
35,118524
350,528958
351,410375
352,517528
353,677447
354,877628
355,422022
356,788286
357,835897
358,271492
359,605335
36,975544
360,865929
361,351519
362,934243
363,353321
364,990201
365,166554
366,151039
367,958145
368,340787
369,739599
37,779341
370,469146
371,249857
372,143088
373,769112
374,340829
375,794228
376,984010
377,964515
378,325881
379,583575
38,438959
380,445311
381,370575
382,363045
383,783387
384,446119
385,880565
386,513893
387,786586
388,838305
389,833854
39,830810
390,113233
391,642561
392,145167
393,678415
394,502355
395,365234
396,864156
397,333791
398,912711
399,986100
4,434418
40,827337
400,276080
401,775775
402,784209
403,914476
404,139735
405,382507
406,523625
407,706421
408,527086
409,728320
41,647789
410,891296
411,233727
412,132134
413,161773
414,225219
415,827047
416,358237
417,761030
418,645273
419,874367
42,541776
420,761253
421,778537
422,122850
423,235547
424,719539
425,683485
426,686631
427,385188
428,560069
429,324845
43,293774
430,136889
431,753155
432,706684
433,644659
434,686775
435,124854
436,520092
437,725217
438,426978
439,843881
44,715626
440,187832
441,204096
442,541452
443,899949
444,498160
445,357074
446,555389
447,187483
448,506242
449,802575
45,513776
450,899382
451,710721
452,972010
453,851663
454,280884
455,726570
456,128824
457,478622
458,772052
459,789193
46,272225
460,705584
461,310226
462,518738
463,671196
464,353722
465,551518
466,291753
467,956487
468,567243
469,131096
47,445998
470,681156
471,938716
472,895482
473,513017
474,466943
475,759976
476,906628
477,305412
478,795585
479,719915
48,915816
480,220413
481,868281
482,245760
483,936183
484,950574
485,606777
486,994215
487,561868
488,352890
489,511530
49,466148
490,230396
491,431614
492,186362
493,499805
494,327081
495,670878
496,966497
497,152424
498,148330
499,850909
5,478931
50,974881
500,918896
501,615684
502,964248
503,175974
504,213474
505,508253
506,822969
507,500475
508,812026
509,511593
51,356246
510,913624
511,855586
512,906952
513,641156
514,950088
515,106720
516,490209
517,174278
518,861063
519,584229
52,716489
520,376511
521,614485
522,959829
523,924473
524,888291
525,444370
526,247353
527,789587
528,801504
529,153672
53,613699
530,876122
531,732129
532,866659
533,773123
534,855738
535,865201
536,107496
537,714495
538,352641
539,443563
54,170990
540,446090
541,395968
542,213923
543,149362
544,352220
545,666798
546,570543
547,239185
548,168207
549,511727
55,243813
550,178123
551,904660
552,722096
553,730270
554,308751
555,549993
556,678672
557,199759
558,856481
559,335761
56,817460
560,744543
561,844076
562,741014
563,735721
564,569315
565,609060
566,381895
567,425265
568,139180
569,518968
57,337928
570,767118
571,528747
572,730349
573,197158
574,342986
575,360849
576,991159
577,937143
578,688528
579,857010
58,349437
580,324118
581,460607
582,468426
583,756568
584,350353
585,152076
586,378691
587,697270
588,813755
589,210882
59,782815
590,766290
591,581319
592,200785
593,717022
594,123220
595,458447
596,994674
597,636247
598,889001
599,877755
6,214353
60,204709
600,161722
601,119480
602,265156
603,313001
604,380592
605,702165
606,824065
607,540081
608,714944
609,178272
61,981324
610,610114
611,519886
612,560367
613,831413
614,749558
615,469946
616,841707
617,600379
618,606533
619,478331
62,778647
620,654345
621,188246
622,909332
623,704011
624,108845
625,118907
626,224176
627,809498
628,385238
629,266003
63,117751
630,239336
631,311457
632,559598
633,872001
634,366216
635,836845
636,573991
637,249634
638,717599
639,111243
64,839860
640,823561
641,928698
642,511236
643,785877
644,657138
645,961176
646,139784
647,799835
648,274075
649,228221
65,569459
650,196435
651,693907
652,262489
653,471513
654,478686
655,330669
656,385674
657,703486
658,975645
659,890369
66,670096
660,748689
661,433736
662,703784
663,509370
664,978078
665,912381
666,445170
667,447264
668,614136
669,513831
67,363228
670,346908
671,516621
672,556494
673,109041
674,774944
675,107802
676,395886
677,519868
678,766194
679,629029
68,623498
680,692816
681,772099
682,323420
683,885283
684,511533
685,894794
686,339391
687,879163
688,171398
689,472671
69,236398
690,783060
691,807720
692,830592
693,252851
694,184720
695,695317
696,231597
697,382051
698,971404
699,562648
7,200348
70,855962
700,857701
701,895136
702,457300
703,692470
704,483582
705,101049
706,252493
707,539272
708,466659
709,507112
71,957000
710,203286
711,837551
712,345058
713,264565
714,123592
715,885945
716,962779
717,424356
718,714043
719,209321
72,593980
720,986303
721,526495
722,823117
723,140826
724,265899
725,765024
726,125932
727,205239
728,475998
729,975497
73,988516
730,217561
731,525643
732,646582
733,221339
734,953540
735,975825
736,926969
737,334473
738,822258
739,483467
74,916275
740,346055
741,249612
742,994918
743,508055
744,275527
745,146237
746,727755
747,381497
748,526260
749,361067
75,330119
750,245428
751,332101
752,296475
753,156996
754,217843
755,131715
756,263422
757,449724
758,283911
759,379193
76,253836
760,312070
761,891096
762,757700
763,631573
764,780054
765,672922
766,514798
767,880560
768,963963
769,941637
77,784734
770,322416
771,848731
772,471883
773,347914
774,619840
775,179124
776,423423
777,655987
778,414644
779,119959
78,597458
780,876491
781,602992
782,142319
783,819851
784,885051
785,665638
786,434616
787,353047
788,433249
789,339126
79,190017
790,994727
791,245667
792,450399
793,507453
794,994503
795,756912
796,805060
797,840387
798,897606
799,517362
8,281842
80,967408
800,628670
801,264975
802,675039
803,443002
804,100577
805,430370
806,541266
807,310701
808,231742
809,432491
81,712357
810,276840
811,777584
812,991955
813,375127
814,984948
815,635179
816,873906
817,177138
818,379400
819,920276
82,112113
820,243571
821,219202
822,836886
823,835952
824,386277
825,317736
826,614645
827,171191
828,238522
829,398643
83,193814
830,847753
831,435867
832,426870
833,656339
834,409941
835,343236
836,757350
837,332382
838,954950
839,315964
84,950088
840,423149
841,638669
842,465783
843,273122
844,912557
845,135994
846,550029
847,635373
848,349972
849,986443
85,103074
850,782302
851,288303
852,626399
853,591950
854,725812
855,107550
856,759090
857,940808
858,588069
859,190360
86,342974
860,312138
861,124184
862,833910
863,338613
864,720573
865,148215
866,604088
867,831253
868,318283
869,696748
87,891175
870,169780
871,212980
872,692857
873,416587
874,990854
875,445308
876,666514
877,141658
878,295418
879,218900
88,582235
880,588574
881,497172
882,907632
883,408729
884,822425
885,116526
886,201418
887,946456
888,242552
889,598736
89,951589
890,140297
891,199761
892,364182
893,863370
894,844202
895,530409
896,275206
897,655073
898,187726
899,877617
9,342196
90,379960
900,801470
901,597050
902,582152
903,258471
904,632079
905,624264
906,797711
907,354750
908,155828
909,459494
91,912112
910,160811
911,131954
912,531670
913,534485
914,107589
915,996627
916,279922
917,403031
918,946720
919,649395
92,522693
920,299423
921,693368
922,312302
923,173670
924,307306
925,694044
926,173635
927,639094
928,355105
929,144302
93,396499
930,905380
931,764154
932,437623
933,452068
934,881702
935,984807
936,866755
937,662994
938,348497
939,683650
94,633863
940,236530
941,568705
942,838918
943,873515
944,230506
945,888090
946,165665
947,137251
948,630300
949,578043
95,843785
950,184512
951,921502
952,662504
953,139756
954,911998
955,641688
956,216371
957,382838
958,931224
959,827361
96,626335
960,948535
961,281175
962,879856
963,597968
964,797749
965,438222
966,892793
967,640786
968,134843
969,284929
97,823539
970,642022
971,716681
972,102863
973,815706
974,310362
975,719347
976,682027
977,679044
978,312776
979,819264
98,433086
980,235807
981,221947
982,717795
983,892230
984,560856
985,713040
986,560865
987,735677
988,334787
989,167000
99,777267
990,130881
991,914975
992,268387
993,615643
994,255184
995,842853
996,630653
997,840960
998,704040
999,994682
1001,616167
1002,792066
1003,459696
1004,313026
1005,956543
1006,955364
1007,126887
1008,399176
1009,786978
1010,256171
1011,407414
1012,492591
1013,786557
1014,798376
1015,116909
1016,404905
1017,147058
1018,632427
1019,395921
1020,830376
1022,115302
1023,542015
1025,302357
1026,156723
1027,226173
1028,331926
1029,345644
1030,519831
1031,485639
1032,953942
1033,475455
1034,309031
1035,348341
1036,848550
1037,273248
1038,674649
1039,855677
1040,821603
1041,151646
1042,360052
1043,616588
1044,262503
1045,281830
1046,937992
1047,705242
1048,685427
1049,368766
1050,544987
1051,267409
1052,611970
1053,789627
1054,738370
1055,399887
1056,429080
1057,988577
1058,379401
1059,786803
1060,768692
1061,604907
1062,293387
1063,133410
1064,371274
1065,538306
1066,914633
1067,932304
1068,990476
1069,959584
1070,624260
1071,478849
1072,765748
1073,444094
1074,549007
1075,246636
1076,779201
1077,114001
1078,193114
1079,146834
1080,750978
1081,399709
1082,794734
1083,459399
1084,515957
1085,971770
1086,165245
1087,649938
1088,553493
1089,243101
1090,718446
1091,954732
1092,353299
1093,428110
1094,424992
1095,765296
1096,341633
1097,551186
1098,681707
1099,639894
1100,422047
1101,348829
1102,352395
1103,256154
1104,221879
1105,830432
1106,899672
1107,789263
1108,489213
1109,213641
1110,874244
1111,770690
1113,703439
1114,691252
1115,491154
1116,750137
1117,176093
1118,652616
1119,420074
1120,341051
1121,312466
1122,176687
1123,499879
1124,327096
1125,804748
1126,514448
1127,333387
1128,498131
1129,341784
1130,843708
1131,437248
1132,365666
1133,223350
1134,521163
1135,778302
1137,709750
1138,696358
1139,556062
1140,261352
1141,234440
1142,675454
1143,868735
1144,804323
1145,601572
1146,325759
1147,859866
1148,758357
1149,964141
1150,424467
1151,522720
1152,152613
1153,153683
1154,636678
1155,308432
1156,843300
1157,216699
1158,702532
1159,206784
1160,889101
1161,669076
1162,552658
1163,616549
1164,530649
1165,191714
1166,680031
1167,869200
1168,379222
1169,935151
1170,652550
1171,252231
1172,799095
1173,168404
1174,879419
1175,836875
1176,333657
1177,217757
1178,783841
1179,302704
1180,763115
1181,186810
1182,505983
1183,102423
1184,626781
1185,255633
1186,626664
1187,147738
1188,394072
1189,679213
1190,597252
1191,243611
1192,420963
1193,989373
1194,737308
1195,405251
1196,719411
1197,938406
1198,908157
1199,799509
1200,129656
1201,735786
1202,107550
1203,781737
1204,599597
1205,383313
1206,229464
1207,191946
1208,418980
1209,512817
1210,295537
1211,494614
1212,653571
1213,179672
1214,471224
1215,646594
1216,495708
1217,508242
1218,483902
1219,343377
1220,885704
1221,183105
1222,804684
1223,593983
1224,426008
1225,984222
1226,452646
1227,633313
1228,667901
1229,798494
1230,211823
1231,431825
1232,361758
1233,125186
1234,606089
1235,243792
1236,215618
1237,732263
1238,958092
1239,308964
1240,505813
1241,541275
1242,515002
1243,370774
1244,254109
1245,633611
1246,216303
1247,936440
1248,784911
1249,788758
1250,223977
1251,226042
1252,303451
1253,943142
1254,871211
1255,878985
1256,451185
1257,793824
1258,861157
1259,552271
1260,781022
1261,936627
1262,677982
1263,625809
1264,923607
1265,188388
1266,643913
1267,158996
1268,577589
1269,655922
1270,426949
1271,509859
1272,192264
1273,902960
1274,638598
1275,182485
1276,980592
1277,464707
1278,928174
1279,852885
1280,403740
1281,553873
1282,724623
1283,816258
1284,253010
1285,767583
1286,952680
1287,590127
1288,156057
1289,330333
1290,851250
1291,996308
1292,135145
1293,165682
1294,815633
1295,359909
1296,113733
1297,742066
1298,605545
1299,451383
1300,439894
1301,817188
1302,424937
1303,131454
1304,528701
1305,902448
1306,841395
1307,584513
1308,708180
1309,341875
1310,684148
1311,574386
1312,298810
1313,484548
1314,502590
1315,133073
1316,948670
1317,157891
1318,725746
1319,756610
1320,503197
1321,130431
1322,689032
1323,774078
1324,606819
1325,459114
1326,220388
1327,759622
1328,518703
1329,838872
1330,860750
1331,876943
1332,100463
1333,834610
1334,338238
1335,912827
1336,648412
1337,379630
1338,652313
1339,589260
1340,778644
1341,508228
1342,219916
1343,704625
1344,600299
1345,233777
1346,782843
1347,433382
1348,376709
1349,460382
1350,880451
1351,456595
1352,653214
1353,474103
1354,763175
1355,901099
1356,371382
1357,664394
1358,697685
1359,332124
1360,620343
1361,212136
1362,833637
1363,554888
1364,530502
1365,925846
1366,127619
1367,857482
1368,682052
1369,928543
1370,409091
1371,425345
1372,570568
1373,213367
1374,820028
1375,641884
1376,479611
1377,401733
1378,668197
1379,225454
1380,989139
1381,975975
1382,621584
1383,714013
1384,830990
1385,308911
1386,372132
1387,933066
1388,898973
1389,575104
1390,396122
1391,505575
1392,272363
1393,515878
1394,203503
1395,805629
1396,182090
1397,701424
1398,255668
1399,333322
1400,605467
1401,192628
1402,917552
1403,861804
1404,886045
1405,132276
1406,701111
1407,911318
1408,107596
1409,135351
1410,354944
1411,454445
1412,497540
1413,272210
1414,775946
1415,552764
1416,278570
1417,908171
1418,392272
1419,258477
1420,513967
1421,253448
1422,868291
1423,673898
1424,849919
1425,395570
1426,758004
1427,267256
1428,419317
1429,378985
1430,719141
1431,157887
1432,378239
1433,306998
1434,553892
1435,998759
1436,727075
1437,418995
1438,584387
1439,956470
1440,909736
1441,270005
1442,557231
1443,173876
1444,830341
1445,302945
1446,291124
1447,955173
1448,683902
1449,792727
1450,101077
1451,965665
1452,617523
1453,976841
1454,670579
1455,713033
1456,808973
1457,718563
1458,535250
1459,247049
1460,950132
1461,791854
1462,660780
1463,729602
1464,286634
1465,142444
1466,138419
1467,596850
1468,632157
1469,882084
1470,213425
1471,825238
1472,975712
1473,361724
1474,493297
1475,246041
1476,150254
1477,409421
1478,573808
1479,882566
1480,138412
1481,712403
1482,166237
1483,188221
1484,385825
1485,531492
1486,297223
1487,863157
1488,486215
1489,312087
1490,658551
1491,367054
1492,149124
1493,978702
1494,615636
1495,346579
1496,446389
1497,888435
1498,770664
1499,505929
1500,421952
1501,458466
1502,428150
1503,100487
1504,695167
1505,614311
1506,258803
1507,264552
1508,227789
1509,913670
1510,969597
1511,437885
1512,716598
1513,486598
1514,762202
1515,622741
1516,572267
1517,311583
1518,286633
1519,381605
1520,364861
1521,193282
1522,394324
1523,343778
1524,501859
1525,489854
1526,251026
1527,285762
1528,396081
1529,296888
1530,393516
1531,920764
1532,326991
1533,946279
1534,147863
1535,941860
1536,112400
1537,674646
1538,962669
1539,847845
1540,774852
1541,527725
1542,311726
1543,533649
1544,118981
1545,614101
1546,685637
1547,957361
1548,661008
1549,513550
1550,721541
1551,330890
1552,407897
1553,904726
1554,659155
1555,186485
1556,780994
1557,202711
1558,828337
1559,784708
1560,592666
1561,949073
1562,199263
1563,502595
1564,775818
1565,330372
1566,231695
1567,835242
1568,550855
1569,567445
1570,422756
1571,765866
1572,710365
1573,327329
1574,736554
1575,262871
1576,315151
1577,382539
1578,527452
1579,491260
1580,122319
1581,401340
1582,836628
1583,502854
1584,877780
1585,934381
1586,701059
1587,162455
1588,881062
1589,817878
1590,503312
1591,654750
1592,677343
1593,898008
1594,287241
1595,595392
1596,272619
1597,615985
1598,742318
1599,536958
1600,151541
1601,106559
1602,151150
1603,574667
1604,358797
1605,720703
1606,579634
1607,607435
1608,749012
1609,942909
1610,683798
1611,465846
1612,958133
1613,294311
1614,819345
1615,626704
1616,865021
1617,213495
1618,922454
1619,488178
1620,747635
1621,743039
1622,724067
1623,915377
1624,716474
1625,756842
1626,440635
1627,342161
1628,551096
1629,932934
1630,780074
1631,222022
1632,281587
1633,719566
1634,124935
1635,380269
1636,769282
1637,932492
1638,255101
1639,970937
1640,465304
1641,951994
1642,224833
1643,611537
1644,762871
1645,101961
1646,859042
1647,304613
1648,483176
1649,962468
1650,321712
1651,465167
1652,736618
1653,244130
1654,833979
1655,358412
1656,170037
1657,579083
1658,194593
1659,757340
1660,876225
1661,909630
1662,393738
1663,951184
1664,209621
1665,751402
1666,502679
1667,594872
1668,903795
1669,154918
1670,366926
1671,510502
1672,677569
1673,796039
1674,208870
1675,305780
1676,656170
1677,465914
1678,557967
1679,966185
1680,801498
1681,388848
1682,782721
1683,891322
1684,889367
1685,840269
1686,333720
1687,615640
1688,288301
1689,419668
1690,972574
1691,622515
1692,842034
1693,118359
1694,442226
1695,829609
1696,812389
1697,996430
1698,444370
1699,968730
1700,420598
1701,113290
1702,397709
1703,566930
1704,840926
1705,509094
1706,951344
1707,911485
1708,654517
1709,112068
1710,826117
1711,909500
1712,482089
1713,195570
1714,339244
1715,706002
1716,773915
1717,524550
1718,748635
1719,189865
1720,734912
1721,144623
1722,130120
1723,268303
1724,698635
1725,888585
1726,826495
1727,798820
1728,633835
1729,909629
1730,136967
1731,130460
1732,698337
1733,263108
1734,524811
1735,401475
1736,171493
1737,436303
1738,474289
1739,217186
1740,389215
1741,684896
1742,762316
1743,527868
1744,693078
1745,119122
1746,470933
1747,412062
1748,627321
1749,433523
1750,517034
1751,187588
1752,808505
1753,623391
1754,429239
1755,637954
1756,249348
1757,229534
1758,165344
1759,412895
1760,317736
1761,172053
1762,771243
1763,559953
1764,942373
1765,879066
1766,855888
1767,986634
1768,229940
1769,873885
1770,540897
1771,887748
1772,618317
1773,950493
1774,549095
1775,248960
1776,554078
1777,381677
1778,920392
1779,400256
1780,588244
1781,737756
1782,555510
1783,941049
1784,614169
1785,387016
1786,162244
1787,866508
1788,339537
1789,263999
1790,969783
1791,534509
1792,758366
1793,740798
1794,989671
1795,209960
1796,812916
1797,450485
1798,370871
1799,201484
1800,468105
1801,456689
1802,977302
1803,531405
1804,862648
1805,981356
1806,261627
1807,256742
1808,398542
1809,299758
1810,607569
1811,566834
1812,990944
1813,708299
1814,335647
1815,383197
1816,305039
1817,416808
1818,478909
1819,313246
1820,273449
1821,515625
1822,434953
1823,655139
1824,165234
1825,804615
1826,704341
1827,282033
1828,899400
1829,928936
1830,665629
1831,874801
1832,574656
1833,366761
1834,102237
1835,977090
1836,437961
1837,164407
1838,724067
1839,337190
1840,604070
1841,305704
1842,317340
1843,469520
1844,933450
1845,500638
1846,496950
1847,557942
1848,724574
1849,190408
1850,448748
1851,625119
1852,447626
1853,690253
1854,808568
1855,676473
1856,919647
1857,102595
1858,535407
1859,213874
1860,385195
1861,459455
1862,515534
1863,874853
1864,650380
1865,909374
1866,336229
1867,424321
1868,892671
1869,914305
1871,428977
1872,399250
1873,696293
1874,170123
1875,350336
1876,294594
1877,601539
1878,749388
1879,646513
1880,608396
1881,631179
1882,902462
1883,998097
1884,654107
1885,655950
1886,878150
1887,366459
1888,871614
1889,368035
1890,649501
1891,866079
1892,196898
1893,133608
1894,148980
1895,471909
1896,606661
1897,608047
1898,511547
1899,822051
1900,940926
1901,249274
1902,716324
1903,825331
1904,933655
1905,187861
1906,150303
1907,720683
1908,450712
1909,309455
1910,164093
1911,763780
1912,738423
1913,495563
1914,950167
1915,905497
1916,951375
1917,550703
1918,850353
1919,995478
1920,589857
1921,120586
1922,911016
1923,209396
1924,120026
1925,969967
1926,792590
1927,788718
1928,751408
1929,657739
1930,579563
1931,587370
1932,170311
1933,437403
1934,874338
1935,361574
1936,665860
1937,409470
1938,270896
1939,213224
1940,444425
1941,261736
1942,641810
1943,938732
1944,242566
1945,655532
1946,776979
1947,245213
1948,271837
1949,981851
1950,432456
1951,263677
1952,994765
1953,440443
1954,713573
1955,478789
1956,742275
1957,243436
1958,669487
1959,209462
1960,993112
1961,129837
1962,378652
1963,346214
1964,931310
1965,359432
1966,501209
1967,929685
1968,813133
1969,163858
1970,102374
1971,727409
1972,579487
1973,810872
1974,309339
1975,951594
1976,251835
1977,585121
1978,754720
1979,191369
1980,243577
1981,833426
1982,491025
1983,315996
1984,612045
1985,437611
1986,457594
1987,695856
1988,329182
1989,673472
1990,342306
1991,844906
1992,994098
1993,315008
1994,102146
1995,761834
1996,892939
1997,341796
1998,755190
1999,445948
2000,658692
2001,867812
2002,153556
2003,722832
2004,580307
2005,341347
2006,157367
2007,480874
2008,148135
2009,988262
2010,649909
2011,831323
2012,455588
2013,147540
2014,526945
2015,236412
2016,563480
2017,359142
2018,834811
2019,801191
2020,947129
2021,374882
2022,335372
2023,505292
2024,957287
2025,649508
2026,556955
2027,260590
2028,918520
2029,453767
2030,232545
2031,155923
2032,537103
2033,209358
2034,232775
2035,514121
2036,800289
2037,605843
2038,587538
2039,168068
2040,443312
2041,746448
2042,920799
2043,316471
2044,423486
2045,593627
2046,170880
2047,956975
2048,392771
2049,111676
2050,665826
2051,983102
2052,885671
2053,784329
2054,464516
2055,723671
2056,450172
2057,869760
2058,337509
2059,809303
2060,307560
2061,360815
2062,551820
2063,258166
2064,440227
2065,677561
2066,161781
2067,873191
2068,622703
2069,391828
2070,983058
2071,161465
2072,987561
2073,603907
2074,921751
2075,116251
2076,119333
2077,408049
2078,337868
2079,956485
2080,217437
2081,607846
2082,506602
2083,628264
2084,882839
2085,755420
2086,315297
2087,953853
2088,768162
2089,169987
2090,327283
2091,484065
2092,897632
2093,681783
2094,284740
2095,829798
2096,467851
2097,700517
2098,812513
2099,176445
2100,939414
2101,501775
2102,325485
2103,991832
2104,654696
2105,443115
2106,515822
2107,383647
2108,139720
2109,287834
2110,404173
2111,795526
2112,741201
2113,632922
2114,122520
2115,124352
2116,895768
2117,954997
2118,184836
2119,191871
2120,647321
2121,518334
2122,747199
2123,576466
2124,563844
2125,940027
2126,514137
2127,892931
2128,867809
2129,820272
2130,198572
2131,545829
2132,921286
2133,329678
2134,251736
2135,162451
2136,785666
2137,775376
2138,447917
2139,249319
2140,376595
2141,483246
2142,113087
2143,478728
2144,880824
2145,382222
2146,854022
2147,589274
2148,412203
2149,153829
2150,569775
2151,839753
2152,971264
2153,977115
2154,675886
2155,746223
2156,199801
2157,262560
2158,186976
2159,432587
2160,834076
2161,953759
2162,944065
2163,566841
2164,595063
2165,756116
2166,289583
2167,710295
2168,772738
2169,193995
2170,140518
2171,107001
2172,115350
2173,584592
2174,422321
2175,314873
2176,234921
2177,710861
2178,693721
2179,196321
2180,261717
2181,905714
2182,302918
2183,992251
2184,792411
2185,479351
2186,915886
2187,648600
2188,923687
2189,956129
2190,956863
2191,394982
2192,401079
2193,995625
2194,862017
2195,916268
2196,485478
2197,337527
2198,537853
2199,850259
2200,743937
2201,112066
2202,856676
2203,394364
2204,502496
2205,940840
2206,715183
2207,210030
2208,504383
2209,298578
2210,943332
2211,448049
2212,389923
2213,648666
2214,489068
2215,668981
2216,971529
2217,382236
2218,615756
2219,963861
2220,240942
2221,967411
2222,195919
2223,259001
2224,575844
2225,858671
2226,221996
2227,410220
2228,419684
2229,668035
2230,402101
2231,420654
2232,191211
2233,362066
2234,118310
2235,604109
2236,478912
2237,812274
2238,476240
2239,488587
2240,395292
2241,185271
2242,473765
2243,623159
2244,236064
2245,962739
2246,938371
2247,516635
2248,119619
2249,466803
2250,353894
2251,669924
2252,423775
2253,565117
2254,855452
2255,135047
2256,921059
2257,229479
2258,988562
2259,106443
2260,215000
2261,295979
2262,951004
2263,363060
2264,463118
2265,688187
2266,681643
2267,844663
2268,100519
2269,365567
2270,264108
2271,863967
2272,720082
2273,545545
2274,560945
2275,541642
2276,670748
2277,457166
2278,762350
2279,453403
2280,839820
2281,875264
2282,507874
2283,228786
2284,433956
2285,672117
2286,890550
2287,414881
2288,109705
2289,685697
2290,219885
2291,821340
2292,591470
2293,340253
2294,660508
2295,205492
2296,976504
2297,671342
2298,672397
2299,831985
2300,127538
2301,264001
2302,761247
2303,973067
2304,856140
2305,652496
2306,234193
2307,745461
2308,885027
2309,838745
2310,698708
2311,471078
2312,388524
2313,902616
2314,239012
2315,807094
2316,593601
2317,863366
2318,255062
2319,874002
2320,984566
2321,525040
2322,568423
2323,111449
2324,432485
2325,318752
2326,534175
2327,987455
2328,192106
2329,752944
2330,590833
2331,584819
2332,454843
2333,750452
2334,746988
2335,949325
2336,858306
2337,984492
2338,467207
2339,419873
2340,968827
2341,692194
2342,889655
2343,148176
2344,969323
2345,884676
2346,631177
2347,761366
2348,668589
2349,537448
2350,970259
2351,599538
2352,696962
2353,501216
2354,657965
2355,836686
2356,952941
2357,721464
2358,885401
2359,494307
2360,504701
2361,870496
2362,334795
2363,953392
2364,686500
2365,666452
2366,807954
2367,189330
2368,131268
2369,288228
2370,886328
2371,555012
2372,468967
2373,470933
2374,188405
2375,645446
2376,730415
2377,348127
2378,710555
2379,264537
2380,614810
2381,756442
2382,939945
2383,664526
2384,757992
2385,204340
2386,663075
2387,538188
2388,465491
2389,775922
2390,534165
2391,962655
2392,951147
2393,583286
2394,746582
2395,666769
2396,104358
2397,477298
2398,585325
2399,729167
2400,238295
2401,785445
2402,152322
2403,305198
2404,886981
2405,378502
2406,170117
2407,240317
2408,477852
2409,476890
2410,256920
2411,713176
2412,836106
2413,301938
2414,607758
2415,325857
2416,619438
2417,367347
2418,303724
2419,264002
2420,798502
2421,453880
2422,693070
2423,577830
2424,542569
2425,319844
2426,769524
2427,441770
2428,910536
2429,650225
2430,241956
2431,311136
2432,802736
2433,938294
2434,782487
2435,391883
2436,586590
2437,787079
2438,979413
2439,920635
2440,317658
2441,649367
2442,376475
2443,118743
2444,941525
2445,521466
2446,829155
2447,166449
2448,788118
2449,774109
2450,631898
2451,817280
2452,413337
2453,945653
2454,688061
2455,949817
2456,359933
2457,182510
2458,741586
2459,822847
2460,798234
2461,720580
2462,985166
2463,179782
2464,196019
2465,198943
2466,741263
2467,673784
2468,529460
2469,121878
2470,835249
2471,582376
2472,846640
2473,741547
2474,442213
2475,422717
2476,836195
2477,469642
2478,354544
2479,117558
2480,935434
2481,856100
2482,125201
2483,224561
2484,521534
2485,643810
2486,838030
2487,507028
2488,926242
2489,955081
2490,867289
2491,709252
2492,403490
2493,616349
2494,564335
2495,775769
2496,227146
2497,357429
2498,163650
2499,837410
2500,909782
2501,318338
2502,983011
2503,645374
2504,162367
2505,764293
2506,954079
2507,947398
2508,816025
2509,250390
2510,882697
2511,969058
2512,799289
2513,154388
2514,310399
2515,474156
2516,728473
2517,199166
2518,772924
2519,395208
2520,852634
2521,116774
2522,523623
2523,149672
2524,904001
2525,801752
2526,268090
2527,708834
2528,469891
2529,294413
2530,577628
2531,841046
2532,827614
2533,572856
2534,134067
2535,210868
2536,885275
2537,277200
2538,160238
2539,655042
2540,128221
2541,990668
2542,635499
2543,600886
2544,888932
2545,773981
2546,990351
2547,310714
2548,732412
2549,262835
2550,992694
2551,435519
2552,672868
2553,855575
2554,570592
2555,888281
2556,252510
2557,412968
2558,192599
2559,828223
2560,848903
2561,240502
2562,768655
2563,442037
2564,739397
2565,204726
2566,840259
2567,698353
2568,468342
2569,911843
2570,775428
2571,723802
2572,761082
2573,506962
2574,381347
2575,562185
2576,102326
2577,433216
2578,248228
2579,303447
2580,181812
2581,523646
2582,990349
2583,536738
2584,260382
2585,620122
2586,696867
2587,390556
2588,692015
2589,208088
2590,600514
2591,384967
2592,760017
2593,403020
2594,734454
2595,182765
2596,779275
2597,627778
2598,152954
2599,465100
2600,354125
2601,141377
2602,296589
2603,454714
2604,119511
2605,925238
2606,457667
2607,589828
2608,994616
2609,862983
2610,695740
2611,924807
2612,649860
2613,193463
2614,495883
2615,211111
2616,496937
2617,510269
2618,253948
2619,585543
2620,716214
2621,649862
2622,404562
2623,736908
2624,870008
2625,723730
2626,442179
2627,222451
2628,205063
2629,146584
2630,634077
2631,909025
2632,557695
2633,753524
2634,197050
2635,522858
2636,420326
2637,441699
2638,458252
2639,284860
2640,994289
2641,905947
2642,250435
2643,594238
2644,462234
2645,435260
2646,529996
2647,165441
2648,762792
2649,304671
2650,387001
2651,799250
2652,193351
2653,135867
2654,507058
2655,216969
2656,956595
2657,230441
2658,378747
2659,107000
2660,477418
2661,798390
2662,940313
2663,465518
2664,880717
2665,250599
2666,203265
2667,410028
2668,955791
2669,576885
2670,133772
2671,311911
2672,553297
2673,943618
2674,709346
2675,502838
2676,952355
2677,384908
2678,492936
2679,153920
2680,253946
2681,257301
2682,892460
2683,319608
2684,542887
2685,596078
2686,452547
2687,425816
2688,309842
2689,335124
2690,625238
2691,246028
2692,808532
2693,427490
2694,463467
2695,594817
2696,924586
2697,833853
2698,915492
2699,358486
2700,962748
2701,418738
2702,990545
2703,977924
2704,293536
2705,387222
2706,879782
2707,160066
2708,562750
2709,989665
2710,862345
2711,238527
2712,810165
2713,297795
2714,472992
2715,349668
2716,243024
2717,479134
2718,639282
2719,887703
2720,300441
2721,274883
2722,836940
2723,502938
2724,910107
2725,137973
2726,881953
2727,433459
2728,939754
2729,452764
2730,929219
2731,147692
2732,723470
2733,340744
2734,227050
2735,999429
2736,667900
2737,352968
2738,548342
2739,228240
2740,391725
2741,435646
2742,377689
2743,745076
2744,228496
2745,477248
2746,170346
2747,780264
2748,309838
2749,949203
2750,633778
2751,361606
2752,837366
2753,424931
2754,450165
2755,472537
2756,945541
2757,938359
2758,234077
2759,211973
2760,935180
2761,533817
2762,962668
2763,367236
2764,553028
2765,947885
2766,992429
2767,805715
2768,165598
2769,907439
2770,927096
2771,617389
2772,766876
2773,754499
2774,787889
2775,856248
2776,551206
2777,670426
2778,873231
2779,674707
2780,714046
2781,275077
2782,969581
2783,221172
2784,438979
2785,555479
2786,121012
2787,446196
2788,238226
2789,519625
2790,581765
2791,340963
2792,653366
2793,204602
2794,279717
2795,433095
2796,705007
2797,148729
2798,773305
2799,320604
2800,469036
2801,275770
2802,319663
2803,258188
2804,832885
2805,948661
2806,291864
2807,779643
2808,796360
2809,420355
2810,359626
2811,214058
2812,953350
2813,158853
2814,584052
2815,451764
2816,260988
2817,392392
2818,327031
2819,272492
2820,273155
2821,204168
2822,700230
2823,523623
2824,456456
2825,235610
2826,953621
2827,554802
2828,929460
2829,954950
2830,594027
2831,652626
2832,598134
2833,409139
2834,364930
2835,301840
2836,394333
2837,377815
2838,865654
2839,992066
2840,207196
2841,977122
2842,564497
2843,844605
2844,498627
2845,612307
2846,550473
2847,627208
2848,736128
2849,399973
2850,693703
2851,190140
2852,416910
2853,593481
2854,277269
2855,796986
2856,645771
2857,604747
2858,632739
2859,572720
2860,685008
2861,674534
2862,347610
2863,578301
2864,535267
2865,330131
2866,679326
2867,657197
2868,182790
2869,336184
2870,646871
2871,853044
2872,326119
2873,641754
2874,931704
2875,288825
2876,817119
2877,608459
2878,474087
2879,270589
2880,205083
2881,528010
2882,163834
2883,892472
2884,466112
2885,628784
2886,963724
2887,398376
2888,355652
2889,372631
2890,681580
2891,968291
2892,291680
2893,793212
2894,209598
2895,198288
2896,234375
2897,699157
2898,207509
2899,290371
2900,168303
2901,980183
2902,687106
2903,689133
2904,909921
2905,209786
2906,420841
2907,236347
2908,605777
2909,923417
2910,642764
2911,583393
2912,494507
2913,472948
2914,498599
2915,926203
2916,667768
2917,963253
2918,520044
2919,703203
2920,362531
2921,366201
2922,439123
2923,202705
2924,409970
2925,428158
2926,228930
2927,844836
2928,184063
2929,628245
2930,121568
2931,118256
2932,879795
2933,247118
2934,624382
2935,872095
2936,878337
2937,618349
2938,855366
2939,840978
2940,537707
2941,841904
2942,133392
2943,165286
2944,206462
2945,337441
2946,456722
2947,520084
2948,809351
2949,342430
2950,837400
2951,474175
2952,291752
2953,178895
2954,106586
2955,807497
2956,782652
2957,205045
2958,506056
2959,458900
2960,630709
2961,304432
2962,159276
2963,385149
2964,343412
2965,268093
2966,156160
2967,501475
2968,708122
2969,498561
2970,731014
2971,349760
2972,281965
2973,813449
2974,522307
2975,118211
2976,648139
2977,156522
2978,598850
2979,422427
2980,196377
2981,224309
2982,430076
2983,968330
2984,819487
2985,162423
2986,293006
2987,925459
2988,544680
2989,925669
2990,263758
2991,305402
2992,903272
2993,278520
2994,774113
2995,400863
2996,182949
2997,478520
2998,921043
2999,875600
3000,827507
3001,553821
3002,548393
3003,753531
3004,151065
3005,106583
3006,336777
3007,133134
3008,267929
3009,573489
3010,553382
3011,505360
3012,992845
3013,536879
3014,857543
3015,875652
3016,447276
3017,341180
3018,762892
3019,108346
3020,154275
3021,230661
3022,469155
3023,428022
3024,731427
3025,294657
3026,973470
3027,669190
3028,610182
3029,316700
3030,590198
3031,801179
3032,823845
3033,623975
3034,102363
3035,292824
3036,520716
3037,131204
3038,999838
3039,376911
3040,903890
3041,918011
3042,162729
3043,516808
3044,798470
3045,205083
3046,651495
3047,710861
3048,600589
3049,242928
3050,165855
3051,779843
3052,558058
3053,560505
3054,640255
3055,828342
3056,897964
3057,971679
3058,122053
3059,776753
3060,895365
3061,469014
3062,621695
3063,896881
3064,571066
3065,477379
3066,362922
3067,823702
3068,791756
3069,553187
3070,560710
3071,846176
3072,856646
3073,673906
3074,567891
3075,106959
3076,792823
3077,569563
3078,425889
3079,344354
3080,225163
3081,273863
3082,542798
3083,782110
3084,970192
3085,154862
3086,911702
3087,776350
3088,849970
3089,905628
3090,627520
3091,377984
3092,233605
3093,405580
3094,411912
3095,607546
3096,886771
3097,174599
3098,241571
3099,604888
3100,335088
3101,741347
3102,425805
3103,811858
3104,174185
3105,246982
3106,113780
3107,882334
3108,481623
3109,769103
3110,184889
3111,507698
3112,769435
3113,588936
3114,897390
3115,413370
3116,476891
3117,341935
3118,375537
3119,637377
3120,910590
3121,491513
3122,231616
3123,298758
3124,685337
3125,498343
3126,422001
3127,480258
3128,581663
3129,280601
3130,924069
3131,145514
3132,399680
3133,918633
3134,482340
3135,967167
3136,206453
3137,636259
3138,954550
3139,351061
3140,340387
3141,754664
3142,827201
3143,450614
3144,701651
3145,766939
3146,530628
3147,115589
3148,246627
3149,983782
3150,481277
3151,900814
3152,718103
3153,284479
3154,357537
3155,207489
3156,174280
3157,705330
3158,700767
3159,567140
3160,772901
3161,731011
3162,184395
3163,365781
3164,721557
3165,981999
3166,719049
3167,185807
3168,652913
3169,133921
3170,746749
3171,129676
3172,247393
3173,841783
3174,281272
3175,441979
3176,147266
3177,168391
3178,127781
3179,791646
3180,627192
3181,945014
3182,680124
3183,726331
3184,169320
3185,481560
3186,765584
3187,293869
3188,887068
3189,630307
3190,929993
3191,427072
3192,719128
3193,890215
3194,920392
3195,686957
3196,520730
3197,327545
3198,515918
3199,406289
3200,491440
3201,264266
3202,543704
3203,124472
3204,270116
3205,193527
3206,134527
3207,529928
3208,228490
3209,384657
3210,558939
3211,420635
3212,497334
3213,656950
3214,861771
3215,362294
3216,354237
3217,742083
3218,518631
3219,873916
3220,569316
3221,354107
3222,931597
3223,829529
3224,738217
3225,103317
3226,904679
3227,172750
3228,342130
3229,247743
3230,401359
3231,183006
3232,760415
3233,310037
3234,760337
3235,330548
3236,965017
3237,622195
3238,174244
3239,611278
3240,419614
3241,205735
3242,562452
3243,274668
3244,353538
3245,314962
3246,351628
3247,549864
3248,345945
3249,732965
3250,283009
3251,450274
3252,604011
3253,506805
3254,192760
3255,780993
3256,516420
3257,785090
3258,307985
3259,423769
3260,985590
3261,718870
3262,887478
3263,798893
3264,509177
3265,924513
3266,861329
3267,436899
3268,975676
3269,545877
3270,440361
3271,781825
3272,237238
3273,165096
3274,703990
3275,147697
3276,588958
3277,522275
3278,847067
3279,245535
3280,189853
3281,944977
3282,732835
3283,746996
3284,136918
3285,128786
3286,853334
3287,957633
3288,289953
3289,639388
3290,116149
3291,828053
3292,141308
3293,339482
3294,733594
3295,326293
3296,907245
3297,860157
3298,697838
3299,251314
3300,191413
3301,223505
3302,379754
3303,346047
3304,351805
3305,799561
3306,929087
3307,930394
3308,673796
3309,734864
3310,456688
3311,611974
3312,819953
3313,797832
3314,986098
3315,585503
3316,344670
3317,815977
3318,316901
3319,668439
3320,910040
3321,140643
3322,418059
3323,201670
3324,478571
3325,273769
3326,463981
3327,363690
3328,835492
3329,874688
3330,256293
3331,525545
3332,421959
3333,586742
3334,485585
3335,279372
3336,643848
3337,760440
3338,809023
3339,179910
3340,812292
3341,955905
3342,262133
3343,793076
3344,586401
3345,454827
3346,358397
3347,304829
3348,680252
3349,732994
3350,675445
3351,680853
3352,406416
3353,135381
3354,602460
3355,793740
3356,404101
3357,692778
3358,352155
3359,173696
3360,191851
3361,695427
3362,805050
3363,422038
3364,948441
3365,313174
3366,505923
3367,564877
3368,787419
3369,820173
3370,903160
3371,196692
3372,641876
3373,432657
3374,963459
3375,131614
3376,788938
3377,220613
3378,994245
3379,109606
3380,484378
3381,204481
3382,921510
3383,348614
3384,391842
3385,298240
3386,693740
3387,928361
3388,788268
3389,332052
3390,758304
3391,835730
3392,808580
3393,826749
3394,211255
3395,256684
3396,532305
3397,738233
3398,741136
3399,848608
3400,996724
3401,863355
3402,171341
3403,209702
3404,860575
3405,526297
3406,212218
3407,844892
3408,162801
3409,678274
3410,560117
3411,604380
3412,232379
3413,670833
3414,139188
3415,589215
3416,173350
3417,885244
3418,748617
3419,185923
3420,612724
3421,610180
3422,405485
3423,338756
3424,470052
3425,489437
3426,513429
3427,570320
3428,715978
3429,523780
3430,521117
3431,328511
3432,701384
3433,498290
3434,802392
3435,616245
3436,307308
3437,165956
3438,654387
3439,298691
3440,551233
3441,590633
3442,510564
3443,569952
3444,157289
3445,892968
3446,790920
3447,579610
3448,233272
3449,350125
3450,615123
3451,971597
3452,800622
3453,181149
3454,255587
3455,683769
3456,759619
3457,409971
3458,865423
3459,729429
3460,234473
3461,859388
3462,328714
3463,783345
3464,876692
3465,243387
3466,154442
3467,511906
3468,992635
3469,903192
3470,187557
3471,680609
3472,383605
3473,527105
3474,962975
3475,531130
3476,775464
3477,698846
3478,665251
3479,584263
3480,932765
3481,621664
3482,436751
3483,174738
3484,626716
3485,725296
3486,667229
3487,707708
3488,766569
3489,695995
3490,973838
3491,226260
3492,376618
3493,526253
3494,664606
3495,802459
3496,167791
3497,463352
3498,352897
3499,344115
3500,451753
3501,315111
3502,358294
3503,441095
3504,429977
3505,511921
3506,140335
3507,644236
3508,976230
3509,303735
3510,621868
3511,269834
3512,254366
3513,847693
3514,120098
3515,152253
3516,633554
3517,432002
3518,437416
3519,708163
3520,346311
3521,945623
3522,950904
3523,278859
3524,521077
3525,356378
3526,840242
3527,906296
3528,931232
3529,916809
3530,661713
3531,471311
3532,636644
3533,217748
3534,163947
3535,993412
3536,354811
3537,394580
3538,576238
3539,866324
3540,845376
3541,427142
3542,805155
3543,545083
3544,951099
3545,555526
3546,896151
3547,825752
3548,443320
3549,658393
3550,967334
3551,128814
3552,463614
3553,912132
3554,494970
3555,146644
3556,794654
3557,676796
3558,332728
3559,972490
3560,377842
3561,642939
3562,968858
3563,658900
3564,874089
3565,388250
3566,252199
3567,314682
3568,148597
3569,167148
3570,367311
3571,820944
3572,518300
3573,871160
3574,978346
3575,642419
3576,594244
3577,912719
3578,833693
3579,784497
3580,236493
3581,896645
3582,928972
3583,402128
3584,521490
3585,208668
3586,914409
3587,696755
3588,850381
3589,531209
3590,465222
3591,738267
3592,157739
3593,517762
3594,975662
3595,519558
3596,701698
3597,374046
3598,903505
3599,201126
3600,651374
3601,306443
3602,991099
3603,509403
3604,927930
3605,725424
3606,746188
3607,384524
3608,656067
3609,225816
3610,197469
3611,459655
3612,706565
3613,228105
3614,575068
3615,124576
3616,540202
3617,274286
3618,283809
3619,138754
3620,141953
3621,861802
3622,399901
3623,878081
3624,129956
3625,328932
3626,638638
3627,412488
3628,225171
3629,124512
3630,887584
3631,173817
3632,105939
3633,510661
3634,741307
3635,899342
3636,256185
3637,868766
3638,321122
3639,751555
3640,319919
3641,673316
3642,482164
3643,982416
3644,533792
3645,681506
3646,881657
3647,515419
3648,555047
3649,675684
3650,127961
3651,180220
3652,365103
3653,323360
3654,757812
3655,826587
3656,138568
3657,677543
3658,438452
3659,781529
3660,943830
3661,828113
3662,428279
3663,243533
3664,449821
3665,467758
3666,439227
3667,160283
3668,427651
3669,746583
3670,112657
3671,667754
3672,613605
3673,966574
3674,962204
3675,316424
3676,503876
3677,876829
3678,784146
3679,161825
3680,990425
3681,480691
3682,690481
3683,968389
3684,813396
3685,824525
3686,727361
3687,903850
3688,769766
3689,643137
3690,922301
3691,408999
3692,901898
3693,881061
3694,846052
3695,819648
3696,208097
3697,132953
3698,632388
3699,135902
3700,522370
3701,118322
3702,465883
3703,156675
3704,464976
3705,809633
3706,950690
3707,338324
3708,725416
3709,729356
3710,824090
3711,174331
3712,488110
3713,180352
3714,599663
3715,163131
3716,662733
3717,338597
3718,617990
3719,400290
3720,993798
3721,439650
3722,555141
3723,918270
3724,244208
3725,449761
3726,335913
3727,981729
3728,339205
3729,379121
3730,555988
3731,488385
3732,635435
3733,624537
3734,632824
3735,939010
3736,914474
3737,105562
3738,486430
3739,123007
3740,205583
3741,447882
3742,482822
3743,192791
3744,437311
3745,373738
3746,775092
3747,306336
3748,754628
3749,289776
3750,482996
3751,731112
3752,707931
3753,992946
3754,669029
5001,954455
5002,671428
5003,437098
5004,744073
5005,936176
5006,265725
5007,928768
5008,416654
5009,646638
5010,542160
5011,967505
5012,306118
5013,297478
5014,700527
5015,596086
5016,103980
5017,123207
5018,550547
5019,649984
5020,204011
5021,433189
5022,284099
5023,201128
5024,742358
5025,979050
5026,532253
5027,698090
5028,683846
5029,702082
5030,914402
5031,741359
5032,239803
5033,526263
5034,516701
5035,114650
5036,709704
5037,290289
5038,552562
5039,925937
5040,740686
5041,867331
5042,828437
5043,820766
5044,641176
5045,231887
5046,474690
5047,916697
5048,900963
5049,576198
5050,171701
5051,772187
5052,523697
5053,705606
5054,369816
5055,173196
5056,835299
5057,355920
5058,466646
5059,396724
5060,874466
5061,195141
5062,712050
5063,362132
5064,260418
5065,688115
5066,765942
5067,433757
5068,688350
5069,815616
5070,880345
5071,141222
5072,146457
5073,584600
5074,107596
5075,351950
5076,319129
5077,505783
5078,533478
5079,276319
5080,510635
5081,362912
5082,274643
5083,680057
5084,126414
5085,699093
5086,502622
5087,927619
5088,548637
5089,338888
5090,485130
5091,521181
5092,373010
5093,225894
5094,772642
5095,842628
5096,561356
5097,230603
5098,274382
5099,240037
5100,914344
5101,326475
5102,535812
5103,453546
5104,846579
5105,347704
5106,431684
5107,159536
5108,900553
5109,625907
5110,565630
5111,862887
5112,492793
5113,636689
5114,238964
5115,971753
5116,240080
5117,566380
5118,487918
5119,485365
5120,797761
5121,396250
5122,688903
5123,274994
5124,302591
5125,589486
5126,370224
5127,797005
5128,174631
5129,897084
5130,115334
5131,772010
5132,951699
5133,985819
5134,676626
5135,320132
5136,221882
5137,340499
5138,375071
5139,842327
5140,580804
5141,343957
5142,723168
5143,793120
5144,110538
5145,552051
5146,842855
5147,934568
5148,657119
5149,957898
5150,714852
5151,206689
5152,618179
5153,392973
5154,974122
5155,812486
5156,911805
5157,251014
5158,742913
5159,379108
5160,521939
5161,662616
5162,886921
5163,283799
5164,924220
5165,732340
5166,925945
5167,969800
5168,325252
5169,808925
5170,432428
5171,683289
5172,507338
5173,533593
5174,125372
5175,845792
5176,159562
5177,104133
5178,247875
5179,631791
5180,344046
5181,209297
5182,878288
5183,894080
5184,397550
5185,183549
5186,574333
5187,955540
5188,256368
5189,981042
5190,301867
5191,395179
5192,363014
5193,555055
5194,102006
5195,177070
5196,972984
5197,590533
5198,106600
5199,823228
5200,736481
5201,204529
5202,704517
5203,131376
5204,973327
5205,875286
5206,313965
5207,856028
5208,869083
5209,126077
5210,549636
5211,277499
5212,835250
5213,538665
5214,326567
5215,639236
5216,271158
5217,654875
5218,121736
5219,772745
5220,341808
5221,233275
5222,726119
5223,408983
5224,422753
5225,692496
5226,482657
5227,385642
5228,101679
5229,681841
5230,781718
5231,368793
5232,917641
5233,403406
5234,849343
5235,470605
5236,185121
5237,111390
5238,953195
5239,205966
5240,480571
5241,967713
5242,936022
5243,707320
5244,857911
5245,289474
5246,803983
5247,735916
5248,682298
5249,644274
5250,377247
5251,588225
5252,516223
5253,702439
5254,660706
5255,948912
5256,201308
5257,490466
5258,951820
5259,141856
5260,831163
5261,139527
5262,647956
5263,889341
5264,297494
5265,190411
5266,470304
5267,289798
5268,873588
5269,954384
5270,807446
5271,933785
5272,629676
5273,137741
5274,554491
5275,775380
5276,795203
5277,522594
5278,104786
5279,294747
5280,152788
5281,954153
5282,159635
5283,204544
5284,729817
5285,321062
5286,109535
5287,870737
5288,582989
5289,156798
5290,633312
5291,453202
5292,904565
5293,332898
5294,805359
5295,594576
5296,578882
5297,149694
5298,204978
5299,523018
5300,673406
5301,682166
5302,993060
5303,781797
5304,624399
5305,561954
5306,688700
5307,672525
5308,872327
5309,671813
5310,972440
5311,705002
5312,692436
5313,515996
5314,480714
5315,900613
5316,828057
5317,186906
5318,462928
5319,610631
5320,525413
5321,979916
5322,208536
5323,880338
5324,590610
5325,977973
5326,626877
5327,316439
5328,557741
5329,717705
5330,940005
5331,978944
5332,922718
5333,188411
5334,298065
5335,222585
5336,623037
5337,425153
5338,255316
5339,131727
5340,943473
5341,931628
5342,674792
5343,146189
5344,765638
5345,514882
5346,863322
5347,280850
5348,244322
5349,400393
5350,293643
5351,127967
5352,262995
5353,833475
5354,975876
5355,298970
5356,330650
5357,992830
5358,636075
5359,729315
5360,598605
5361,947830
5362,938111
5363,943734
5364,626785
5365,141213
5366,989720
5367,849672
5368,985310
5369,903162
5370,487360
5371,325256
5372,494255
5373,867940
5374,577661
5375,719832
5376,418904
5377,514551
5378,137533
5379,906024
5380,503561
5381,305851
5382,140834
5383,833698
5384,384730
5385,411058
5386,763059
5387,150187
5388,504156
5389,964394
5390,567084
5391,801413
5392,207892
5393,907530
5394,568021
5395,614738
5396,396926
5397,137424
5398,863111
5399,819084
5400,209163
5401,967911
5402,403618
5403,261327
5404,611906
5405,910953
5406,897866
5407,110142
5408,311597
5409,242015
5410,575504
5411,333691
5412,140018
5413,604621
5414,860378
5415,494472
5416,137712
5417,392577
5418,742501
5419,224202
5420,557486
5421,330444
5422,276999
5423,856736
5424,724044
5425,353735
5426,462426
5427,968921
5428,617291
5429,667171
5430,983447
5431,504370
5432,361395
5433,696689
5434,326903
5435,708575
5436,649952
5437,784207
5438,667059
5439,693061
5440,316258
5441,357585
5442,522036
5443,778575
5444,687165
5445,411205
5446,603136
5447,455460
5448,122999
5449,279658
5450,644532
5451,470249
5452,842678
5453,577302
5454,821195
5455,735526
5456,241224
5457,827560
5458,955875
5459,361945
5460,986503
5461,514689
5462,968900
5463,860272
5464,831327
5465,230910
5466,830911
5467,928744
5468,178224
5469,847641
5470,249003
5471,366944
5472,904498
5473,425378
5474,265566
5475,351511
5476,461246
5477,422688
5478,901718
5479,979605
5480,667153
5481,333573
5482,647865
5483,422065
5484,183851
5485,347126
5486,841724
5487,883454
5488,311979
5489,920155
5490,822261
5491,305170
5492,115040
5493,214095
5494,751495
5495,518064
5496,726864
5497,975380
5498,688000
5499,320762
5500,543769
5501,852974
5502,856675
5503,820065
5504,676579
5505,769583
5506,712730
5507,400646
5508,515287
5509,958243
5510,572477
5511,544458
5512,571479
5513,182346
5514,413153
5515,469909
5516,446740
5517,441423
5518,440658
5519,770703
5520,463991
5521,164006
5522,242222
5523,935431
5524,818487
5525,288310
5526,501622
5527,684517
5528,586206
5529,369206
5530,670295
5531,947539
5532,246592
5533,609881
5534,611405
5535,496728
5536,121986
5537,912640
5538,534188
5539,340149
5540,672436
5541,333382
5542,620572
5543,342622
5544,177136
5545,847045
5546,653230
5547,203970
5548,673451
5549,914198
5550,905364
5551,992982
5552,912053
5553,381922
5554,712664
5555,321108
5556,716286
5557,823877
5558,777485
5559,178629
5560,816401
5561,835169
5562,748836
5563,777150
5564,631350
5565,946518
5566,752124
5567,168837
5568,192631
5569,778262
5570,760141
5571,507935
5572,597498
5573,499551
5574,246301
5575,544394
5576,396980
5577,376467
5578,304824
5579,799195
5580,421081
5581,867165
5582,852501
5583,146713
5584,593257
5585,828449
5586,442407
5587,669465
5588,634926
5589,278243
5590,723476
5591,878373
5592,568499
5593,779885
5594,529639
5595,637136
5596,598100
5597,409282
5598,997053
5599,311628
5600,313607
5601,101424
5602,267771
5603,415855
5604,731756
5605,125168
5606,374496
5607,327436
5608,439066
5609,961850
5610,286029
5611,440406
5612,396428
5613,702307
5614,592231
5615,722639
5616,879766
5617,619810
5618,107354
5619,414811
5620,219679
5621,989986
5622,385682
5623,494035
5624,190818
5625,732493
5626,985048
5627,441007
5628,840217
5629,656302
5630,755177
5631,386351
5632,588121
5633,641687
5634,275232
5635,196979
5636,790264
5637,179278
5638,187289
5639,705702
5640,862942
5641,928259
5642,366070
5643,472231
5644,365990
5645,175534
5646,969203
5647,397039
5648,720217
5649,913247
5650,189843
5651,141005
5652,972686
5653,606849
5654,621572
5655,381510
5656,712495
5657,278059
5658,673280
5659,515279
5660,521897
5661,425900
5662,673345
5663,478333
5664,854742
5665,690104
5666,172312
5667,466643
5668,481916
5669,456777
5670,646862
5671,768416
5672,136126
5673,771698
5674,350376
5675,292875
5676,371329
5677,387514
5678,559707
5679,367796
5680,658444
5681,663794
5682,254892
5683,318637
5684,899995
5685,896956
5686,335610
5687,330972
5688,176054
5689,898024
5690,489793
5691,222362
5692,497775
5693,486096
5694,623621
5695,323314
5696,250904
5697,212071
5698,949293
5699,921007
5700,388312
5701,882695
5702,267096
5703,941307
5704,830315
5705,626480
5706,996657
5707,675950
5708,999576
5709,822359
5710,584008
5711,592069
5712,526315
5713,628805
5714,591943
5715,436416
5716,905158
5717,856208
5718,431267
5719,373627
5720,714046
5721,674276
5722,115120
5723,509180
5724,635341
5725,542919
5726,789096
5727,424265
5728,429722
5729,126070
5730,102135
5731,889802
5732,437114
5733,337726
5734,431476
5735,331770
5736,635618
5737,962701
5738,325038
5739,124293
5740,965503
5741,586437
5742,986415
5743,364261
5744,455084
5745,477016
5746,397610
5747,178084
5748,976544
5749,122328
5750,731055
5751,132924
5752,784184
5753,727445
5754,422597
5755,499109
5756,313758
5757,901483
5758,730243
5759,206365
5760,342687
5761,113249
5762,501111
5763,891183
5764,901598
5765,936160
5766,864807
5767,379779
5768,610968
5769,311563
5770,746442
5771,223665
5772,319716
5773,839999
5774,812037
5775,885035
5776,377706
5777,740984
5778,875104
5779,253180
5780,302144
5781,537607
5782,879315
5783,525343
5784,314999
5785,116401
5786,174449
5787,740319
5788,268212
5789,718484
5790,323266
5791,531823
5792,984488
5793,864023
5794,195038
5795,712692
5796,779482
5797,675517
5798,614970
5799,119235
5800,373834
5801,741248
5802,372859
5803,440935
5804,936415
5805,720791
5806,461013
5807,935728
5808,566412
5809,559445
5810,343970
5811,616354
5812,794553
5813,660417
5814,378657
5815,806686
5816,805839
5817,956527
5818,735854
5819,870542
5820,153165
5821,455371
5822,627792
5823,764033
5824,456393
5825,248188
5826,911955
5827,582257
5828,567514
5829,257613
5830,695411
5831,344179
5832,396799
5833,948108
5834,444661
5835,120509
5836,276633
5837,413164
5838,915442
5839,993587
5840,638072
5841,575940
5842,256511
5843,801563
5844,213695
5845,873993
5846,624924
5847,344132
5848,705107
5849,108556
5850,455802
5851,848759
5852,601115
5853,504020
5854,493091
5855,434402
5856,613672
5857,370210
5858,614475
5859,883818
5860,854155
5861,365199
5862,349150
5863,627340
5864,973691
